{"cameraMode":{"drawMode":0,"name":"Shaded","section":"Shading Mode"},"sceneLighting":false,"audioPlay":false,"sceneViewState":{"showFog":true,"showMaterialUpdate":false,"showSkybox":true,"showFlares":true,"showImageEffects":true,"showParticleSystems":true},"in2DMode":false,"pivot":{"x":514.3460083007813,"y":284.536376953125,"z":96.86337280273438},"rotation":{"x":0.030304741114377977,"y":-0.004502760712057352,"z":0.00013633735943585634,"w":0.9995323419570923},"size":303.68829345703127,"orthographic":false}